{
  "bootstrap_iterations": 500,
  "csv_files": [
    "results\\scaling_20260115T001322Z.csv",
    "results\\scaling_20260115T064157Z_extended.csv",
    "results\\scaling_20260115T092536Z_extended_large.csv"
  ],
  "fss_fit": {
    "Ns_used": [
      144,
      324,
      576,
      900,
      1296
    ],
    "n_sizes": 5,
    "nu_ci_95": [
      1.1737949279341329,
      1.1841322446061202
    ],
    "nu_fit": 1.1791192278597502,
    "p_star_ci_95": [
      0.4876518873972431,
      0.488004792096029
    ],
    "p_star_fit": 0.48783791969410084,
    "p_window": 0.06,
    "per_size": {
      "L12M6": {
        "N": 144,
        "p_star_ci_hi": 0.3703125,
        "p_star_ci_lo": 0.3701216002358572,
        "p_star_interp": 0.37007005899705014
      },
      "L18M9": {
        "N": 324,
        "p_star_ci_hi": 0.43857070185122865,
        "p_star_ci_lo": 0.4384375,
        "p_star_interp": 0.43854997680890534
      },
      "L24M12": {
        "N": 576,
        "p_star_ci_hi": 0.4453125,
        "p_star_ci_lo": 0.4452282391260686,
        "p_star_interp": 0.4452872522865854
      },
      "L30M15": {
        "N": 900,
        "p_star_ci_hi": 0.46737868558169327,
        "p_star_ci_lo": 0.4671875,
        "p_star_interp": 0.4674169146825397
      },
      "L36M18": {
        "N": 1296,
        "p_star_ci_hi": 0.470625,
        "p_star_ci_lo": 0.4705403770337042,
        "p_star_interp": 0.47059730428360413
      }
    },
    "poly_coeffs": [
      0.41537722513539316,
      0.06124437721297285,
      0.002927874257660782,
      4.508401122073691e-05
    ],
    "poly_degree": 3,
    "residual_ss": 0.042653998796917295
  },
  "p_window": 0.06,
  "per_size_pseudo_thresholds": {
    "L12M6": {
      "L": 12,
      "M": 6,
      "N": 144,
      "ci_hi": 0.3703125,
      "ci_lo": 0.3701216002358572,
      "p_star": 0.37007005899705014
    },
    "L18M9": {
      "L": 18,
      "M": 9,
      "N": 324,
      "ci_hi": 0.43857070185122865,
      "ci_lo": 0.4384375,
      "p_star": 0.43854997680890534
    },
    "L24M12": {
      "L": 24,
      "M": 12,
      "N": 576,
      "ci_hi": 0.4453125,
      "ci_lo": 0.4452282391260686,
      "p_star": 0.4452872522865854
    },
    "L30M15": {
      "L": 30,
      "M": 15,
      "N": 900,
      "ci_hi": 0.46737868558169327,
      "ci_lo": 0.4671875,
      "p_star": 0.4674169146825397
    },
    "L36M18": {
      "L": 36,
      "M": 18,
      "N": 1296,
      "ci_hi": 0.470625,
      "ci_lo": 0.4705403770337042,
      "p_star": 0.47059730428360413
    }
  },
  "poly_degree": 3,
  "target_wer": 0.1
}