{
  "0.05": {
    "fss": {
      "p_star_fit": 0.4999999999999999,
      "a_fit": 0.3806405197950479,
      "nu_fit": 11.962481711385328,
      "p_star_ci_95": [
        0.4999999983263112,
        0.49999999999999994
      ],
      "nu_ci_95": [
        11.626635564165547,
        12.28991633446543
      ],
      "residual_chi2": 307.15293243716235,
      "n_sizes": 5,
      "per_size": {
        "L12M6": {
          "N": 144,
          "p_star_interp": 0.24940907811627908,
          "sigma": 0.0005,
          "p_lo": 0.24937299757714285,
          "p_hi": 0.24943933361542583
        },
        "L18M9": {
          "N": 324,
          "p_star_interp": 0.2664345814615385,
          "sigma": 0.0005,
          "p_lo": 0.2663862675191498,
          "p_hi": 0.26643867053608244
        },
        "L24M12": {
          "N": 576,
          "p_star_interp": 0.2696968284490943,
          "sigma": 0.0005,
          "p_lo": 0.2687134505872424,
          "p_hi": 0.2697046899652359
        },
        "L30M15": {
          "N": 900,
          "p_star_interp": 0.29002912045403745,
          "sigma": 0.0005,
          "p_lo": 0.29002874621488683,
          "p_hi": 0.29002947617580027
        },
        "L36M18": {
          "N": 1296,
          "p_star_interp": 0.29004289108667153,
          "sigma": 0.0005,
          "p_lo": 0.2900427399752501,
          "p_hi": 0.2900430304767969
        }
      }
    }
  },
  "0.1": {
    "fss": {
      "p_star_fit": 0.4689407981179123,
      "a_fit": 0.3635131078710034,
      "nu_fit": 14.999999999983094,
      "p_star_ci_95": [
        0.2918751810792204,
        0.47804759459603
      ],
      "nu_ci_95": [
        4.1925990301228815,
        14.999999999999998
      ],
      "residual_chi2": 23.90400687129132,
      "n_sizes": 5,
      "per_size": {
        "L12M6": {
          "N": 144,
          "p_star_interp": 0.20760937499999998,
          "sigma": 0.000509922263096968,
          "p_lo": 0.20491189869114396,
          "p_hi": 0.2076693041600592
        },
        "L18M9": {
          "N": 324,
          "p_star_interp": 0.22308798646362096,
          "sigma": 0.0005,
          "p_lo": 0.22240138993794523,
          "p_hi": 0.22328715935157664
        },
        "L24M12": {
          "N": 576,
          "p_star_interp": 0.22927567829457365,
          "sigma": 0.0005,
          "p_lo": 0.22926104462596106,
          "p_hi": 0.22928978820412418
        },
        "L30M15": {
          "N": 900,
          "p_star_interp": 0.23838224368499256,
          "sigma": 0.0005,
          "p_lo": 0.23833940287982341,
          "p_hi": 0.23844833398776313
        },
        "L36M18": {
          "N": 1296,
          "p_star_interp": 0.24721103973827002,
          "sigma": 0.0020879264919354966,
          "p_lo": 0.23975903523704786,
          "p_hi": 0.24722148106899033
        }
      }
    }
  },
  "0.2": {
    "fss": {
      "p_star_fit": 0.2067959340384348,
      "a_fit": 0.8148400342210639,
      "nu_fit": 1.7473935018537838,
      "p_star_ci_95": [
        0.20173280223064557,
        0.21414207274312094
      ],
      "nu_ci_95": [
        1.41819147636433,
        2.217054743681341
      ],
      "residual_chi2": 62.88515585648334,
      "n_sizes": 5,
      "per_size": {
        "L12M6": {
          "N": 144,
          "p_star_interp": 0.15921360607441018,
          "sigma": 0.0005,
          "p_lo": 0.15883215632348566,
          "p_hi": 0.1592140235259909
        },
        "L18M9": {
          "N": 324,
          "p_star_interp": 0.17822834767061813,
          "sigma": 0.0005,
          "p_lo": 0.17822742978075076,
          "p_hi": 0.1782292749441102
        },
        "L24M12": {
          "N": 576,
          "p_star_interp": 0.18257838554868155,
          "sigma": 0.0005,
          "p_lo": 0.18242727060797656,
          "p_hi": 0.18257886067613394
        },
        "L30M15": {
          "N": 900,
          "p_star_interp": 0.19261959230726258,
          "sigma": 0.0005,
          "p_lo": 0.19261573574598076,
          "p_hi": 0.19262487855153726
        },
        "L36M18": {
          "N": 1296,
          "p_star_interp": 0.19257993357760814,
          "sigma": 0.0005,
          "p_lo": 0.1925762561585186,
          "p_hi": 0.19258247844432952
        }
      }
    }
  },
  "0.3": {
    "fss": {
      "p_star_fit": 0.20673892002967972,
      "a_fit": 0.25061069876813463,
      "nu_fit": 4.208793305681827,
      "p_star_ci_95": [
        0.1861723209125404,
        0.2710811322138403
      ],
      "nu_ci_95": [
        2.7619679686652514,
        8.611086405271598
      ],
      "residual_chi2": 42.524006203660846,
      "n_sizes": 5,
      "per_size": {
        "L12M6": {
          "N": 144,
          "p_star_interp": 0.13007672155688624,
          "sigma": 0.0005,
          "p_lo": 0.1300319560688038,
          "p_hi": 0.13011457277725186
        },
        "L18M9": {
          "N": 324,
          "p_star_interp": 0.14249321880650995,
          "sigma": 0.0005,
          "p_lo": 0.14186007443660195,
          "p_hi": 0.14351380070467878
        },
        "L24M12": {
          "N": 576,
          "p_star_interp": 0.14940245927989715,
          "sigma": 0.0009414214042353826,
          "p_lo": 0.1472493969122307,
          "p_hi": 0.14941609415555343
        },
        "L30M15": {
          "N": 900,
          "p_star_interp": 0.15951983979135617,
          "sigma": 0.0005,
          "p_lo": 0.15947523859585563,
          "p_hi": 0.15956950418360227
        },
        "L36M18": {
          "N": 1296,
          "p_star_interp": 0.15958761415525113,
          "sigma": 0.0005,
          "p_lo": 0.15941622174657533,
          "p_hi": 0.15969410804020687
        }
      }
    }
  },
  "0.5": {
    "fss": {
      "p_star_fit": 0.1662566154590433,
      "a_fit": 0.1812361239281731,
      "nu_fit": 5.409012567127772,
      "p_star_ci_95": [
        0.13578030490771867,
        0.2744805260781877
      ],
      "nu_ci_95": [
        2.6394803548255803,
        14.999999999993438
      ],
      "residual_chi2": 75.88489782858245,
      "n_sizes": 5,
      "per_size": {
        "L12M6": {
          "N": 144,
          "p_star_interp": 0.0937435618066561,
          "sigma": 0.0005,
          "p_lo": 0.0936791617440388,
          "p_hi": 0.09415673109173235
        },
        "L18M9": {
          "N": 324,
          "p_star_interp": 0.1070610119047619,
          "sigma": 0.000765360780730537,
          "p_lo": 0.10489326284780807,
          "p_hi": 0.10720986360972047
        },
        "L24M12": {
          "N": 576,
          "p_star_interp": 0.10747507122507122,
          "sigma": 0.0005,
          "p_lo": 0.10744071523874472,
          "p_hi": 0.10758053571769217
        },
        "L30M15": {
          "N": 900,
          "p_star_interp": 0.1172490671641791,
          "sigma": 0.0005,
          "p_lo": 0.11722774222032073,
          "p_hi": 0.11726806461595773
        },
        "L36M18": {
          "N": 1296,
          "p_star_interp": 0.1172770507285483,
          "sigma": 0.0005,
          "p_lo": 0.11726071283022829,
          "p_hi": 0.11729302371103463
        }
      }
    }
  },
  "0.75": {
    "fss": {
      "p_star_fit": 0.10768385818057227,
      "a_fit": 0.1927345569185395,
      "nu_fit": 3.032067802146939,
      "p_star_ci_95": [
        0.09632938930239568,
        0.15617787041894343
      ],
      "nu_ci_95": [
        1.7465371743217233,
        8.609786687251113
      ],
      "residual_chi2": 56.47382928271048,
      "n_sizes": 5,
      "per_size": {
        "L12M6": {
          "N": 144,
          "p_star_interp": 0.0699304525222552,
          "sigma": 0.0005,
          "p_lo": 0.06984768599862413,
          "p_hi": 0.06999205889634684
        },
        "L18M9": {
          "N": 324,
          "p_star_interp": 0.08082937262357415,
          "sigma": 0.0005,
          "p_lo": 0.08071160161612183,
          "p_hi": 0.08094938954366773
        },
        "L24M12": {
          "N": 576,